{
  "project_info": {
    "project_number": "1001729352323",
    "firebase_url": "https://duan1-e5574-default-rtdb.firebaseio.com",
    "project_id": "duan1-e5574",
    "storage_bucket": "duan1-e5574.appspot.com"
  },
  "client": [
    {
      "client_info": {
        "mobilesdk_app_id": "1:1001729352323:android:6b997cd9d2aa30ff7ab1b6",
        "android_client_info": {
          "package_name": "com.example.duan1"
        }
      },
      "oauth_client": [
        {
          "client_id": "1001729352323-qivf41tn3hsmh15sfh0v1883vf6uehji.apps.googleusercontent.com",
          "client_type": 3
        }
      ],
      "api_key": [
        {
          "current_key": "AIzaSyB6m_2MoJWofEQx9J1LHpu6dVNpvKvuzqg"
        }
      ],
      "services": {
        "appinvite_service": {
          "other_platform_oauth_client": [
            {
              "client_id": "1001729352323-qivf41tn3hsmh15sfh0v1883vf6uehji.apps.googleusercontent.com",
              "client_type": 3
            }
          ]
        }
      }
    },
    {
      "client_info": {
        "mobilesdk_app_id": "1:1001729352323:android:bacbb2442cece33c7ab1b6",
        "android_client_info": {
          "package_name": "edu.hado.littleboss1"
        }
      },
      "oauth_client": [
        {
          "client_id": "1001729352323-qivf41tn3hsmh15sfh0v1883vf6uehji.apps.googleusercontent.com",
          "client_type": 3
        }
      ],
      "api_key": [
        {
          "current_key": "AIzaSyB6m_2MoJWofEQx9J1LHpu6dVNpvKvuzqg"
        }
      ],
      "services": {
        "appinvite_service": {
          "other_platform_oauth_client": [
            {
              "client_id": "1001729352323-qivf41tn3hsmh15sfh0v1883vf6uehji.apps.googleusercontent.com",
              "client_type": 3
            }
          ]
        }
      }
    },
    {
      "client_info": {
        "mobilesdk_app_id": "1:1001729352323:android:20ed4f7305cf53937ab1b6",
        "android_client_info": {
          "package_name": "nguyen.anh.duan12"
        }
      },
      "oauth_client": [
        {
          "client_id": "1001729352323-innq1qdc7r1qtfrqug0kvo8f21teh565.apps.googleusercontent.com",
          "client_type": 1,
          "android_info": {
            "package_name": "nguyen.anh.duan12",
            "certificate_hash": "ff87bdab4cb08acf1e4656a05d575f770ba866db"
          }
        },
        {
          "client_id": "1001729352323-uf2ibko08q33059g7sijsm2nvm32fd4q.apps.googleusercontent.com",
          "client_type": 1,
          "android_info": {
            "package_name": "nguyen.anh.duan12",
            "certificate_hash": "34975f788b3670b6691480c8ea0614adf6fb1b2b"
          }
        },
        {
          "client_id": "1001729352323-qivf41tn3hsmh15sfh0v1883vf6uehji.apps.googleusercontent.com",
          "client_type": 3
        }
      ],
      "api_key": [
        {
          "current_key": "AIzaSyB6m_2MoJWofEQx9J1LHpu6dVNpvKvuzqg"
        }
      ],
      "services": {
        "appinvite_service": {
          "other_platform_oauth_client": [
            {
              "client_id": "1001729352323-qivf41tn3hsmh15sfh0v1883vf6uehji.apps.googleusercontent.com",
              "client_type": 3
            }
          ]
        }
      }
    }
  ],
  "configuration_version": "1"
}